{
    "MAE": 3.5217849371899046,
    "MSE": 19.30173014807994,
    "RMSE": 4.393373435991976,
    "R2": 0.8564716247177965,
    "registros_dataset": 1000,
    "quantidade_variaveis": 5
}